/*
SQLyog Ultimate v9.50 
MySQL - 5.5.5-10.4.14-MariaDB : Database - ahp_crisp_laravel
*********************************************************************
*/

/*!40101 SET NAMES utf8 */;

/*!40101 SET SQL_MODE=''*/;

/*!40014 SET @OLD_UNIQUE_CHECKS=@@UNIQUE_CHECKS, UNIQUE_CHECKS=0 */;
/*!40014 SET @OLD_FOREIGN_KEY_CHECKS=@@FOREIGN_KEY_CHECKS, FOREIGN_KEY_CHECKS=0 */;
/*!40101 SET @OLD_SQL_MODE=@@SQL_MODE, SQL_MODE='NO_AUTO_VALUE_ON_ZERO' */;
/*!40111 SET @OLD_SQL_NOTES=@@SQL_NOTES, SQL_NOTES=0 */;
CREATE DATABASE /*!32312 IF NOT EXISTS*/`ahp_crisp_laravel` /*!40100 DEFAULT CHARACTER SET utf8mb4 */;

USE `ahp_crisp_laravel`;

/*Table structure for table `tb_alternatif` */

DROP TABLE IF EXISTS `tb_alternatif`;

CREATE TABLE `tb_alternatif` (
  `kode_alternatif` varchar(16) COLLATE utf8mb4_unicode_ci NOT NULL,
  `nama_alternatif` varchar(255) COLLATE utf8mb4_unicode_ci DEFAULT NULL,
  `keterangan` varchar(255) COLLATE utf8mb4_unicode_ci DEFAULT NULL,
  `total` double DEFAULT NULL,
  `rank` int(11) DEFAULT NULL,
  `created_at` timestamp NULL DEFAULT NULL,
  `updated_at` timestamp NULL DEFAULT NULL,
  PRIMARY KEY (`kode_alternatif`)
) ENGINE=InnoDB DEFAULT CHARSET=utf8mb4 COLLATE=utf8mb4_unicode_ci;

/*Data for the table `tb_alternatif` */

insert  into `tb_alternatif`(`kode_alternatif`,`nama_alternatif`,`keterangan`,`total`,`rank`,`created_at`,`updated_at`) values ('A01','HERI CIPTA WIJAYA','-',0.3377405019264,24,'2021-02-20 03:45:31','2021-06-21 05:58:31'),('A02','BUKHARI MUSLIM',NULL,0.3377405019264,25,'2021-02-20 03:47:08','2021-06-21 05:58:41'),('A03','IKHSAN KAMAL',NULL,0.3377405019264,26,'2021-02-20 03:47:12','2021-06-21 05:58:50'),('A04','YULIYATI',NULL,0.23716112771271,71,'2021-03-05 11:34:21','2021-06-21 05:59:02'),('A05','UNING WAHYUNI',NULL,0.43236610497111,4,'2021-03-05 11:34:26','2021-06-21 06:00:11'),('A06','AGUS UJANG SUTARIP',NULL,0.43768359357708,3,'2021-06-19 11:42:10','2021-06-21 06:00:31'),('A07','SULAEMAN',NULL,0.44311870231419,2,'2021-06-19 11:42:21','2021-06-21 06:00:45'),('A08','FARIDA',NULL,0.18903276928901,79,'2021-06-19 11:42:32','2021-06-21 06:00:59'),('A09','YUSUP APANDI',NULL,0.36552747214764,10,'2021-06-19 11:42:37','2021-06-21 06:01:11'),('A10','RUDI',NULL,0.18248046211002,81,'2021-06-19 11:42:42','2021-06-21 06:01:21'),('A11','MARKUS',NULL,0.25234686927355,64,'2021-06-19 11:51:29','2021-06-30 08:18:20'),('A12','ATTUR ROKHIM',NULL,0.30288248774104,48,'2021-06-19 11:51:34','2021-06-30 08:19:14'),('A13','TARYO BIN RASWAN',NULL,0.25785292137664,62,'2021-06-19 11:51:39','2021-06-30 08:19:27'),('A14','ADE IRAWAN',NULL,0.20126250842058,77,'2021-06-19 11:51:45','2021-06-30 08:19:39'),('A15','KALIRI',NULL,0.1863952563527,80,'2021-06-19 11:51:50','2021-06-30 08:19:51'),('A16','YUNUS ABDULAH',NULL,0.37982960503928,8,'2021-06-30 08:20:03','2021-06-30 08:20:03'),('A17','DEDE SULAEMAN',NULL,0.30987731272321,42,'2021-06-30 08:20:12','2021-06-30 08:20:12'),('A18','TORID',NULL,0.15117507006411,86,'2021-06-30 08:20:20','2021-06-30 08:20:20'),('A19','SUYATMO',NULL,0.27898551552978,58,'2021-06-30 08:20:28','2021-06-30 08:20:28'),('A20','KUSWANTO',NULL,0.29037414852547,53,'2021-06-30 08:20:38','2021-06-30 08:20:38'),('A21','M. ADITYA',NULL,0.29037414852547,54,'2021-06-30 08:20:47','2021-06-30 08:20:47'),('A22','ARIES WAHYUDI',NULL,0.31661052417857,31,'2021-06-30 08:20:54','2021-06-30 08:20:54'),('A23','RR TRIANA WULANSARI',NULL,0.31661052417857,32,'2021-06-30 08:21:04','2021-06-30 08:21:04'),('A24','GUNAWAN',NULL,0.19441827550667,78,'2021-06-30 08:21:13','2021-06-30 08:21:13'),('A25','ABDUL ROJAK',NULL,0.15694740234965,83,'2021-06-30 08:21:21','2021-06-30 08:21:21'),('A26','AJIE UTAMA ADIREKSA',NULL,0.1407496353464,89,'2021-06-30 08:21:35','2021-06-30 08:21:35'),('A27','SUDIONO',NULL,0.21061604250993,76,'2021-06-30 08:21:50','2021-06-30 08:21:50'),('A28','HARIYANTO',NULL,0.29607660498608,51,'2021-06-30 08:22:05','2021-06-30 08:22:05'),('A29','MULYADI',NULL,0.24373843760133,66,'2021-06-30 08:22:14','2021-06-30 08:22:14'),('A30','HOMAT SYUKUR',NULL,0.24373843760133,67,'2021-06-30 08:23:10','2021-06-30 08:23:10'),('A31','IWAN ROYADI',NULL,0.31661052417857,33,'2021-06-30 08:23:24','2021-06-30 08:23:24'),('A32','DJAJANG KURNIA',NULL,0.30618508946085,44,'2021-06-30 08:23:38','2021-06-30 08:23:38'),('A33','NUROCHMAD',NULL,0.3065020397038,43,'2021-06-30 08:23:47','2021-06-30 08:23:47'),('A34','HERI KURNIAWAN',NULL,0.2899873224576,55,'2021-06-30 08:23:56','2021-06-30 08:23:56'),('A35','BUDI SUPRIYONO',NULL,0.30618508946085,45,'2021-06-30 08:24:10','2021-06-30 08:24:10'),('A36','SUTANTO RANDI AGUSTYA',NULL,0.32235476716358,29,'2021-06-30 08:24:22','2021-06-30 08:24:22'),('A37','AGUS PURWANTO',NULL,0.29069109876842,52,'2021-06-30 08:24:37','2021-06-30 08:24:37'),('A38','IWAN SETIAWAN',NULL,0.31661052417857,34,'2021-06-30 08:25:31','2021-06-30 08:25:31'),('A39','EDI SUTOMO',NULL,0.14106658558934,88,'2021-06-30 08:25:41','2021-06-30 08:25:41'),('A40','NGADIMAN',NULL,0.33930748455225,19,'2021-06-30 08:25:49','2021-06-30 08:25:49'),('A41','YATID WIDODO',NULL,0.38656281649464,7,'2021-06-30 08:26:02','2021-06-30 08:26:02'),('A42','EFENDI',NULL,0.33930748455225,20,'2021-06-30 08:26:13','2021-06-30 08:26:13'),('A43','DAMIRI BIN TARSONO',NULL,0.33930748455225,21,'2021-06-30 08:26:26','2021-06-30 08:26:26'),('A44','JAINURI',NULL,0.35547716225498,12,'2021-06-30 08:26:37','2021-06-30 08:26:37'),('A45','NORMAN PURWANTORO',NULL,0.35547716225498,13,'2021-06-30 08:27:05','2021-06-30 08:27:05'),('A46','SARINO',NULL,0.35547716225498,14,'2021-06-30 08:27:13','2021-06-30 08:27:13'),('A47','DWI WARNO',NULL,0.33930748455225,22,'2021-06-30 08:27:23','2021-06-30 08:27:23'),('A48','MAMIN',NULL,0.24373843760133,68,'2021-06-30 08:27:31','2021-06-30 08:27:31'),('A49','AHUM SANJAYA',NULL,0.21442224022535,75,'2021-06-30 08:27:41','2021-06-30 08:27:41'),('A50','MUNAROH',NULL,0.24962485229968,65,'2021-06-30 08:27:50','2021-06-30 08:27:50'),('A51','DWI YANTO DALIMONTE',NULL,0.37982960503928,9,'2021-06-30 08:29:12','2021-06-30 08:29:12'),('A52','BASRI',NULL,0.22083554844324,72,'2021-06-30 08:29:20','2021-06-30 08:29:20'),('A53','PURWADI',NULL,0.33257427309689,27,'2021-06-30 08:29:28','2021-06-30 08:29:28'),('A54','MASALIH',NULL,0.15694740234965,84,'2021-06-30 08:29:35','2021-06-30 08:29:35'),('A55','SOMA',NULL,0.31661052417857,35,'2021-06-30 08:29:43','2021-06-30 08:29:43'),('A56','MUSLIH',NULL,0.36372685715985,11,'2021-06-30 08:29:49','2021-06-30 08:29:49'),('A57','GUNAWAN AJOHAR M',NULL,0.27894104967566,59,'2021-06-30 08:29:58','2021-06-30 08:29:58'),('A58','BENY ARYANY',NULL,0.26274328267241,61,'2021-06-30 08:30:34','2021-06-30 08:30:34'),('A59','YULIANTO',NULL,0.24373843760133,69,'2021-06-30 08:30:41','2021-06-30 08:30:41'),('A60','AFRIYANSYAH',NULL,0.323109717549,28,'2021-06-30 08:30:50','2021-06-30 08:30:50'),('A61','MUDILI',NULL,0.34100180748564,18,'2021-06-30 08:31:00','2021-06-30 08:31:00'),('A62','RISKIYATI',NULL,0.39478442209898,6,'2021-06-30 08:31:08','2021-06-30 08:31:08'),('A63','NURHASAN',NULL,0.21883764811427,73,'2021-06-30 08:31:17','2021-06-30 08:31:17'),('A64','YUSANA MANDALENA',NULL,0.18136677495725,82,'2021-06-30 08:31:25','2021-06-30 08:31:25'),('A65','MAMAN',NULL,0.31812700762808,30,'2021-06-30 08:31:33','2021-06-30 08:31:33'),('A66','SUMARNO',NULL,0.31640459539417,39,'2021-06-30 08:31:41','2021-06-30 08:31:41'),('A67','ENGKOS MUNADJAT',NULL,0.31640459539417,40,'2021-06-30 08:32:16','2021-06-30 08:32:16'),('A68','SARJONO',NULL,0.27317371582799,60,'2021-06-30 08:32:36','2021-06-30 08:32:36'),('A69','RINA KUSMAWATI',NULL,0.34536867778021,17,'2021-06-30 08:32:43','2021-06-30 08:32:43'),('A70','HIDAYAT A',NULL,0.24373843760133,70,'2021-06-30 08:32:53','2021-06-30 08:32:53'),('A71','SUSANTO',NULL,0.21753025920851,74,'2021-06-30 08:33:02','2021-06-30 08:33:02'),('A72','UDIN SAMSUDIN',NULL,0.31658243487804,38,'2021-06-30 08:33:10','2021-06-30 08:33:10'),('A73','SOETARDJO',NULL,0.40273249419736,5,'2021-06-30 08:33:18','2021-06-30 08:33:18'),('A74','RICKY.S',NULL,0.35547716225498,15,'2021-06-30 08:33:34','2021-06-30 08:33:34'),('A75','ARMAN EFENDI SIREGAR',NULL,0.35547716225498,16,'2021-06-30 08:33:46','2021-06-30 08:33:46'),('A76','SUHARDIAN',NULL,0.3136243940707,41,'2021-06-30 08:33:54','2021-06-30 08:33:54'),('A77','ASSURI',NULL,0.28050199897929,57,'2021-06-30 08:34:03','2021-06-30 08:34:03'),('A78','AHMAT SOLIKIN',NULL,0.29945187800549,50,'2021-06-30 08:34:12','2021-06-30 08:34:12'),('A79','IRISANTI',NULL,0.2560826263717,63,'2021-06-30 08:34:22','2021-06-30 08:34:22'),('A80','KORMAN',NULL,0.14562405023896,87,'2021-06-30 08:34:35','2021-06-30 08:34:35'),('A81','SAAMIN',NULL,0.44917715877759,1,'2021-06-30 08:34:44','2021-06-30 08:34:44'),('A82','ARIFIN',NULL,0.28364093707011,56,'2021-06-30 08:34:52','2021-06-30 08:34:52'),('A83','YUDHA YUWONO',NULL,0.30079958324319,49,'2021-06-30 08:35:00','2021-06-30 08:35:00'),('A84','ARIANDO P.',NULL,0.33930748455225,23,'2021-06-30 08:35:07','2021-06-30 08:35:07'),('A85','KAMADANU',NULL,0.31661052417857,36,'2021-06-30 08:35:15','2021-06-30 08:35:15'),('A86','FENTY YULIANTY',NULL,0.30618508946085,46,'2021-06-30 08:35:22','2021-06-30 08:35:22'),('A87','EUIS',NULL,0.15573253471374,85,'2021-06-30 08:35:29','2021-06-30 08:35:29'),('A88','SABAR KURNIAWAN',NULL,0.30618508946085,47,'2021-06-30 08:35:37','2021-06-30 08:35:37'),('A89','JASIRMAN MAHULAY',NULL,0.31661052417857,37,'2021-06-30 08:35:44','2021-06-30 08:35:44');

/*Table structure for table `tb_crips` */

DROP TABLE IF EXISTS `tb_crips`;

CREATE TABLE `tb_crips` (
  `kode_crips` varchar(255) COLLATE utf8mb4_unicode_ci NOT NULL,
  `nama_crips` varchar(255) COLLATE utf8mb4_unicode_ci NOT NULL,
  `kode_kriteria` varchar(16) COLLATE utf8mb4_unicode_ci NOT NULL,
  `bobot_crips` double DEFAULT NULL,
  `created_at` timestamp NULL DEFAULT NULL,
  `updated_at` timestamp NULL DEFAULT NULL,
  PRIMARY KEY (`kode_crips`)
) ENGINE=InnoDB DEFAULT CHARSET=utf8mb4 COLLATE=utf8mb4_unicode_ci;

/*Data for the table `tb_crips` */

insert  into `tb_crips`(`kode_crips`,`nama_crips`,`kode_kriteria`,`bobot_crips`,`created_at`,`updated_at`) values ('KD1','Tidak Punya','C05',0.63334572030224,'2021-06-15 14:41:23','2021-06-15 14:44:38'),('KD2','Motor','C05',0.26049795615013,'2021-06-15 14:41:30','2021-06-15 14:44:38'),('KD3','Mobil','C05',0.10615632354763,'2021-06-15 14:41:37','2021-06-15 14:44:38'),('KR1','Sewa','C06',0.63334572030224,'2021-06-15 14:42:07','2021-06-15 14:44:55'),('KR2','Menumpang','C06',0.26049795615013,'2021-06-15 14:42:15','2021-06-15 14:44:55'),('KR3','Milik Sendiri','C06',0.10615632354763,'2021-06-15 14:42:25','2021-06-15 14:44:55'),('PH1','<500.000','C02',0.55789247517189,'2021-06-15 14:38:32','2021-06-15 14:43:30'),('PH2','<2.000.000','C02',0.26334511077158,'2021-06-15 14:39:20','2021-06-15 14:43:30'),('PH3','<=3.500.000','C02',0.12187261268144,'2021-06-15 14:39:39','2021-06-15 14:43:30'),('PH4','>3.500.000','C02',0.056889801375095,'2021-06-15 14:39:48','2021-06-15 14:43:30'),('PK1','Karyawan','C01',0.55789247517189,'2021-06-15 14:36:02','2021-06-30 08:15:54'),('PK2','Buruh','C01',0.26334511077158,'2021-06-15 14:36:29','2021-06-30 08:15:55'),('PK3','Pedagang','C01',0.12187261268144,'2021-06-15 14:36:19','2021-06-30 08:15:55'),('PK4','IRT','C01',0.056889801375095,'2021-06-15 14:36:38','2021-06-30 08:15:55'),('SP1','Cerai','C04',0.63334572030224,'2021-06-15 14:40:42','2021-06-15 14:44:22'),('SP2','Menikah','C04',0.26049795615013,'2021-06-15 14:40:50','2021-06-15 14:44:22'),('SP3','Belum Menikah','C04',0.10615632354763,'2021-06-15 14:40:57','2021-06-15 14:44:22'),('TG1','>3','C03',0.55789247517189,'2021-06-15 14:40:03','2021-06-15 14:44:05'),('TG2','3','C03',0.26334511077158,'2021-06-15 14:40:10','2021-06-15 14:44:05'),('TG3','2','C03',0.12187261268144,'2021-06-15 14:40:19','2021-06-15 14:44:05'),('TG4','<=1','C03',0.056889801375095,'2021-06-15 14:40:28','2021-06-15 14:44:05');

/*Table structure for table `tb_kriteria` */

DROP TABLE IF EXISTS `tb_kriteria`;

CREATE TABLE `tb_kriteria` (
  `kode_kriteria` varchar(16) COLLATE utf8mb4_unicode_ci NOT NULL,
  `nama_kriteria` varchar(255) COLLATE utf8mb4_unicode_ci DEFAULT NULL,
  `bobot` double DEFAULT NULL,
  `created_at` timestamp NULL DEFAULT NULL,
  `updated_at` timestamp NULL DEFAULT NULL,
  PRIMARY KEY (`kode_kriteria`)
) ENGINE=InnoDB DEFAULT CHARSET=utf8mb4 COLLATE=utf8mb4_unicode_ci;

/*Data for the table `tb_kriteria` */

insert  into `tb_kriteria`(`kode_kriteria`,`nama_kriteria`,`bobot`,`created_at`,`updated_at`) values ('C01','Pekerjaan',0.37935740786935,'2021-02-19 16:41:21','2021-06-29 12:43:20'),('C02','Penghasilan',0.24883007333272,'2021-02-20 03:46:49','2021-06-29 12:43:20'),('C03','Tanggungan',0.16043372867584,'2021-02-20 03:47:25','2021-06-29 12:43:20'),('C04','Status Pernikahan',0.10244119275386,'2021-02-20 03:47:34','2021-06-29 12:43:20'),('C05','Kendaraan',0.065494217628283,'2021-06-15 14:32:13','2021-06-29 12:43:20'),('C06','Status Rumah',0.043443379739952,'2021-06-15 14:32:20','2021-06-29 12:43:20');

/*Table structure for table `tb_rel_alternatif` */

DROP TABLE IF EXISTS `tb_rel_alternatif`;

CREATE TABLE `tb_rel_alternatif` (
  `ID` bigint(20) unsigned NOT NULL AUTO_INCREMENT,
  `kode_alternatif` varchar(16) COLLATE utf8mb4_unicode_ci DEFAULT NULL,
  `kode_kriteria` varchar(16) COLLATE utf8mb4_unicode_ci DEFAULT NULL,
  `kode_crips` varchar(16) COLLATE utf8mb4_unicode_ci DEFAULT NULL,
  `created_at` timestamp NULL DEFAULT NULL,
  `updated_at` timestamp NULL DEFAULT NULL,
  PRIMARY KEY (`ID`)
) ENGINE=InnoDB AUTO_INCREMENT=797 DEFAULT CHARSET=utf8mb4 COLLATE=utf8mb4_unicode_ci;

/*Data for the table `tb_rel_alternatif` */

insert  into `tb_rel_alternatif`(`ID`,`kode_alternatif`,`kode_kriteria`,`kode_crips`,`created_at`,`updated_at`) values (1,'A01','C01','PK1',NULL,'2021-06-15 14:47:00'),(2,'A01','C02','PH4',NULL,'2021-06-15 14:47:00'),(3,'A02','C01','PK1',NULL,'2021-06-15 14:47:15'),(4,'A02','C02','PH4',NULL,'2021-06-15 14:47:15'),(6,'A03','C01','PK1',NULL,'2021-06-15 14:47:28'),(7,'A03','C02','PH4',NULL,'2021-06-15 14:47:28'),(9,'A01','C03','TG1',NULL,'2021-06-15 14:47:00'),(10,'A02','C03','TG1',NULL,'2021-06-15 14:47:15'),(11,'A03','C03','TG1',NULL,'2021-06-19 11:53:05'),(12,'A01','C04','SP3',NULL,'2021-06-19 11:52:48'),(13,'A02','C04','SP3',NULL,'2021-06-15 14:47:15'),(14,'A03','C04','SP3',NULL,'2021-06-19 11:53:05'),(48,'A04','C01','PK3',NULL,'2021-06-15 14:47:47'),(49,'A04','C02','PH2',NULL,'2021-06-15 14:47:47'),(50,'A04','C03','TG2',NULL,'2021-06-15 14:47:47'),(51,'A04','C04','SP1',NULL,'2021-06-15 14:47:47'),(55,'A05','C01','PK1',NULL,'2021-06-15 14:48:00'),(56,'A05','C02','PH1',NULL,'2021-06-15 14:48:00'),(57,'A05','C03','TG4',NULL,'2021-06-15 14:48:00'),(58,'A05','C04','SP2',NULL,'2021-06-15 14:48:00'),(59,'A01','C05','KD3',NULL,'2021-06-19 11:52:48'),(60,'A02','C05','KD3',NULL,'2021-06-15 14:47:15'),(61,'A03','C05','KD3',NULL,'2021-06-19 11:53:05'),(62,'A04','C05','KD3',NULL,'2021-06-15 14:47:47'),(63,'A05','C05','KD1',NULL,'2021-06-15 14:48:00'),(66,'A01','C06','KR3',NULL,'2021-06-19 11:52:48'),(67,'A02','C06','KR3',NULL,'2021-06-15 14:47:15'),(68,'A03','C06','KR3',NULL,'2021-06-19 11:53:05'),(69,'A04','C06','KR2',NULL,'2021-06-15 14:47:47'),(70,'A05','C06','KR3',NULL,'2021-06-15 14:48:00'),(73,'A06','C01','PK2',NULL,NULL),(74,'A06','C02','PH1',NULL,NULL),(75,'A06','C03','TG1',NULL,NULL),(76,'A06','C04','SP1',NULL,NULL),(77,'A06','C05','KD2',NULL,NULL),(78,'A06','C06','KR1',NULL,NULL),(80,'A07','C01','PK1',NULL,NULL),(81,'A07','C02','PH2',NULL,NULL),(82,'A07','C03','TG1',NULL,NULL),(83,'A07','C04','SP1',NULL,NULL),(84,'A07','C05','KD3',NULL,NULL),(85,'A07','C06','KR3',NULL,NULL),(87,'A08','C01','PK2',NULL,NULL),(88,'A08','C02','PH3',NULL,NULL),(89,'A08','C03','TG3',NULL,NULL),(90,'A08','C04','SP3',NULL,NULL),(91,'A08','C05','KD2',NULL,NULL),(92,'A08','C06','KR2',NULL,NULL),(94,'A09','C01','PK2',NULL,NULL),(95,'A09','C02','PH1',NULL,NULL),(96,'A09','C03','TG4',NULL,NULL),(97,'A09','C04','SP1',NULL,NULL),(98,'A09','C05','KD1',NULL,NULL),(99,'A09','C06','KR2',NULL,NULL),(101,'A10','C01','PK3',NULL,NULL),(102,'A10','C02','PH3',NULL,NULL),(103,'A10','C03','TG2',NULL,NULL),(104,'A10','C04','SP3',NULL,NULL),(105,'A10','C05','KD1',NULL,NULL),(106,'A10','C06','KR2',NULL,NULL),(108,'A11','C01','PK2',NULL,NULL),(109,'A11','C02','PH3',NULL,NULL),(110,'A11','C03','TG2',NULL,NULL),(111,'A11','C04','SP3',NULL,NULL),(112,'A11','C05','KD1',NULL,NULL),(113,'A11','C06','KR1',NULL,NULL),(115,'A12','C01','PK2',NULL,NULL),(116,'A12','C02','PH3',NULL,NULL),(117,'A12','C03','TG1',NULL,NULL),(118,'A12','C04','SP1',NULL,NULL),(119,'A12','C05','KD3',NULL,NULL),(120,'A12','C06','KR2',NULL,NULL),(122,'A13','C01','PK3',NULL,NULL),(123,'A13','C02','PH1',NULL,NULL),(124,'A13','C03','TG4',NULL,NULL),(125,'A13','C04','SP3',NULL,NULL),(126,'A13','C05','KD1',NULL,NULL),(127,'A13','C06','KR2',NULL,NULL),(129,'A14','C01','PK2',NULL,NULL),(130,'A14','C02','PH4',NULL,NULL),(131,'A14','C03','TG2',NULL,NULL),(132,'A14','C04','SP2',NULL,NULL),(133,'A14','C05','KD3',NULL,NULL),(134,'A14','C06','KR2',NULL,NULL),(136,'A15','C01','PK4',NULL,NULL),(137,'A15','C02','PH4',NULL,NULL),(138,'A15','C03','TG1',NULL,NULL),(139,'A15','C04','SP2',NULL,NULL),(140,'A15','C05','KD3',NULL,NULL),(141,'A15','C06','KR1',NULL,NULL),(279,'A16','C01','PK1',NULL,'2021-06-30 08:37:34'),(280,'A16','C02','PH3',NULL,'2021-06-30 08:37:34'),(281,'A16','C03','TG1',NULL,'2021-06-30 08:37:34'),(282,'A16','C04','SP2',NULL,'2021-06-30 08:37:34'),(283,'A16','C05','KD2',NULL,'2021-06-30 08:37:34'),(284,'A16','C06','KR3',NULL,'2021-06-30 08:37:34'),(286,'A17','C01','PK1',NULL,'2021-06-30 08:39:11'),(287,'A17','C02','PH3',NULL,'2021-06-30 08:39:12'),(288,'A17','C03','TG3',NULL,'2021-06-30 08:39:12'),(289,'A17','C04','SP2',NULL,'2021-06-30 08:39:12'),(290,'A17','C05','KD2',NULL,'2021-06-30 08:39:12'),(291,'A17','C06','KR3',NULL,'2021-06-30 08:39:12'),(293,'A18','C01','PK3',NULL,'2021-06-30 08:39:57'),(294,'A18','C02','PH3',NULL,'2021-06-30 08:39:57'),(295,'A18','C03','TG3',NULL,'2021-06-30 08:39:57'),(296,'A18','C04','SP2',NULL,'2021-06-30 08:39:57'),(297,'A18','C05','KD2',NULL,'2021-06-30 08:39:57'),(298,'A18','C06','KR2',NULL,'2021-06-30 08:39:57'),(300,'A19','C01','PK4',NULL,'2021-06-30 08:42:10'),(301,'A19','C02','PH1',NULL,'2021-06-30 08:42:10'),(302,'A19','C03','TG4',NULL,'2021-06-30 08:42:10'),(303,'A19','C04','SP1',NULL,'2021-06-30 08:42:10'),(304,'A19','C05','KD2',NULL,'2021-06-30 08:42:10'),(305,'A19','C06','KR1',NULL,'2021-06-30 08:42:10'),(307,'A20','C01','PK1',NULL,'2021-06-30 08:42:39'),(308,'A20','C02','PH4',NULL,'2021-06-30 08:42:39'),(309,'A20','C03','TG4',NULL,'2021-06-30 08:42:39'),(310,'A20','C04','SP3',NULL,'2021-06-30 08:42:39'),(311,'A20','C05','KD2',NULL,'2021-06-30 08:42:39'),(312,'A20','C06','KR1',NULL,'2021-06-30 08:42:39'),(314,'A21','C01','PK1',NULL,'2021-06-30 08:46:47'),(315,'A21','C02','PH4',NULL,'2021-06-30 08:46:47'),(316,'A21','C03','TG4',NULL,'2021-06-30 08:46:47'),(317,'A21','C04','SP3',NULL,'2021-06-30 08:46:47'),(318,'A21','C05','KD2',NULL,'2021-06-30 08:46:47'),(319,'A21','C06','KR1',NULL,'2021-06-30 08:46:47'),(321,'A22','C01','PK1',NULL,'2021-06-30 08:47:24'),(322,'A22','C02','PH4',NULL,'2021-06-30 08:47:24'),(323,'A22','C03','TG3',NULL,'2021-06-30 08:47:24'),(324,'A22','C04','SP2',NULL,'2021-06-30 08:50:27'),(325,'A22','C05','KD2',NULL,'2021-06-30 08:47:25'),(326,'A22','C06','KR1',NULL,'2021-06-30 08:47:25'),(328,'A23','C01','PK1',NULL,'2021-06-30 08:50:16'),(329,'A23','C02','PH4',NULL,'2021-06-30 08:50:16'),(330,'A23','C03','TG3',NULL,'2021-06-30 08:50:16'),(331,'A23','C04','SP2',NULL,'2021-06-30 08:50:16'),(332,'A23','C05','KD2',NULL,'2021-06-30 08:50:16'),(333,'A23','C06','KR1',NULL,'2021-06-30 08:50:16'),(335,'A24','C01','PK2',NULL,'2021-06-30 08:51:19'),(336,'A24','C02','PH3',NULL,'2021-06-30 08:51:19'),(337,'A24','C03','TG4',NULL,'2021-06-30 08:51:19'),(338,'A24','C04','SP2',NULL,'2021-06-30 08:51:19'),(339,'A24','C05','KD2',NULL,'2021-06-30 08:51:19'),(340,'A24','C06','KR2',NULL,'2021-06-30 08:51:19'),(342,'A25','C01','PK3',NULL,'2021-06-30 08:52:46'),(343,'A25','C02','PH3',NULL,'2021-06-30 08:52:46'),(344,'A25','C03','TG4',NULL,'2021-06-30 08:52:46'),(345,'A25','C04','SP2',NULL,'2021-06-30 08:52:46'),(346,'A25','C05','KD2',NULL,'2021-06-30 08:52:46'),(347,'A25','C06','KR1',NULL,'2021-06-30 08:52:46'),(349,'A26','C01','PK3',NULL,'2021-06-30 08:53:33'),(350,'A26','C02','PH3',NULL,'2021-06-30 08:53:33'),(351,'A26','C03','TG4',NULL,'2021-06-30 08:53:33'),(352,'A26','C04','SP2',NULL,'2021-06-30 08:53:33'),(353,'A26','C05','KD2',NULL,'2021-06-30 08:53:33'),(354,'A26','C06','KR2',NULL,'2021-06-30 08:53:33'),(356,'A27','C01','PK2',NULL,'2021-06-30 08:54:14'),(357,'A27','C02','PH3',NULL,'2021-06-30 08:54:14'),(358,'A27','C03','TG4',NULL,'2021-06-30 08:54:14'),(359,'A27','C04','SP2',NULL,'2021-06-30 08:54:14'),(360,'A27','C05','KD2',NULL,'2021-06-30 08:54:14'),(361,'A27','C06','KR1',NULL,'2021-06-30 08:54:14'),(363,'A28','C01','PK1',NULL,'2021-06-30 08:54:42'),(364,'A28','C02','PH4',NULL,'2021-06-30 08:54:42'),(365,'A28','C03','TG4',NULL,'2021-06-30 08:54:42'),(366,'A28','C04','SP2',NULL,'2021-06-30 08:54:42'),(367,'A28','C05','KD3',NULL,'2021-06-30 08:54:42'),(368,'A28','C06','KR1',NULL,'2021-06-30 08:54:42'),(370,'A29','C01','PK2',NULL,'2021-06-30 08:55:25'),(371,'A29','C02','PH3',NULL,'2021-06-30 08:56:04'),(372,'A29','C03','TG2',NULL,'2021-06-30 08:55:25'),(373,'A29','C04','SP2',NULL,'2021-06-30 08:55:25'),(374,'A29','C05','KD2',NULL,'2021-06-30 08:55:25'),(375,'A29','C06','KR1',NULL,'2021-06-30 08:55:25'),(377,'A30','C01','PK2',NULL,'2021-06-30 08:55:53'),(378,'A30','C02','PH3',NULL,'2021-06-30 08:55:53'),(379,'A30','C03','TG2',NULL,'2021-06-30 08:55:53'),(380,'A30','C04','SP2',NULL,'2021-06-30 08:55:53'),(381,'A30','C05','KD2',NULL,'2021-06-30 08:55:53'),(382,'A30','C06','KR1',NULL,'2021-06-30 08:55:53'),(384,'A31','C01','PK1',NULL,'2021-06-30 08:56:37'),(385,'A31','C02','PH4',NULL,'2021-06-30 08:56:37'),(386,'A31','C03','TG3',NULL,'2021-06-30 08:56:37'),(387,'A31','C04','SP2',NULL,'2021-06-30 08:56:37'),(388,'A31','C05','KD2',NULL,'2021-06-30 08:56:37'),(389,'A31','C06','KR1',NULL,'2021-06-30 08:56:37'),(391,'A32','C01','PK1',NULL,'2021-06-30 08:57:41'),(392,'A32','C02','PH4',NULL,'2021-06-30 08:57:41'),(393,'A32','C03','TG4',NULL,'2021-06-30 08:57:41'),(394,'A32','C04','SP2',NULL,'2021-06-30 08:57:41'),(395,'A32','C05','KD2',NULL,'2021-06-30 08:57:41'),(396,'A32','C06','KR1',NULL,'2021-06-30 08:57:41'),(398,'A33','C01','PK1',NULL,'2021-06-30 09:02:54'),(399,'A33','C02','PH4',NULL,'2021-06-30 09:02:55'),(400,'A33','C03','TG3',NULL,'2021-06-30 09:02:55'),(401,'A33','C04','SP2',NULL,'2021-06-30 09:02:55'),(402,'A33','C05','KD3',NULL,'2021-06-30 09:02:55'),(403,'A33','C06','KR1',NULL,'2021-06-30 09:02:55'),(405,'A34','C01','PK1',NULL,'2021-06-30 09:03:38'),(406,'A34','C02','PH4',NULL,'2021-06-30 09:03:38'),(407,'A34','C03','TG4',NULL,'2021-06-30 09:03:39'),(408,'A34','C04','SP2',NULL,'2021-06-30 09:03:39'),(409,'A34','C05','KD2',NULL,'2021-06-30 09:03:39'),(410,'A34','C06','KR2',NULL,'2021-06-30 09:03:39'),(412,'A35','C01','PK1',NULL,'2021-06-30 09:04:12'),(413,'A35','C02','PH4',NULL,'2021-06-30 09:04:12'),(414,'A35','C03','TG4',NULL,'2021-06-30 09:04:12'),(415,'A35','C04','SP2',NULL,'2021-06-30 09:04:12'),(416,'A35','C05','KD2',NULL,'2021-06-30 09:04:12'),(417,'A35','C06','KR1',NULL,'2021-06-30 09:04:12'),(419,'A36','C01','PK1',NULL,'2021-06-30 09:05:04'),(420,'A36','C02','PH3',NULL,'2021-06-30 09:05:04'),(421,'A36','C03','TG4',NULL,'2021-06-30 09:05:04'),(422,'A36','C04','SP2',NULL,'2021-06-30 09:05:04'),(423,'A36','C05','KD2',NULL,'2021-06-30 09:05:04'),(424,'A36','C06','KR1',NULL,'2021-06-30 09:05:04'),(426,'A37','C01','PK1',NULL,'2021-06-30 09:05:31'),(427,'A37','C02','PH4',NULL,'2021-06-30 09:05:31'),(428,'A37','C03','TG3',NULL,'2021-06-30 09:05:31'),(429,'A37','C04','SP3',NULL,'2021-06-30 09:05:31'),(430,'A37','C05','KD3',NULL,'2021-06-30 09:05:32'),(431,'A37','C06','KR1',NULL,'2021-06-30 09:05:32'),(433,'A38','C01','PK1',NULL,'2021-06-30 09:05:58'),(434,'A38','C02','PH4',NULL,'2021-06-30 09:05:58'),(435,'A38','C03','TG3',NULL,'2021-06-30 09:05:58'),(436,'A38','C04','SP2',NULL,'2021-06-30 09:05:58'),(437,'A38','C05','KD2',NULL,'2021-06-30 09:05:58'),(438,'A38','C06','KR1',NULL,'2021-06-30 09:05:58'),(440,'A39','C01','PK3',NULL,'2021-06-30 09:06:30'),(441,'A39','C02','PH3',NULL,'2021-06-30 09:06:30'),(442,'A39','C03','TG3',NULL,'2021-06-30 09:06:30'),(443,'A39','C04','SP2',NULL,'2021-06-30 09:06:30'),(444,'A39','C05','KD3',NULL,'2021-06-30 09:06:30'),(445,'A39','C06','KR2',NULL,'2021-06-30 09:06:30'),(447,'A40','C01','PK1',NULL,'2021-06-30 09:06:59'),(448,'A40','C02','PH4',NULL,'2021-06-30 09:06:59'),(449,'A40','C03','TG2',NULL,'2021-06-30 09:06:59'),(450,'A40','C04','SP2',NULL,'2021-06-30 09:06:59'),(451,'A40','C05','KD2',NULL,'2021-06-30 09:06:59'),(452,'A40','C06','KR1',NULL,'2021-06-30 09:06:59'),(454,'A41','C01','PK1',NULL,'2021-06-30 09:11:01'),(455,'A41','C02','PH4',NULL,'2021-06-30 09:11:01'),(456,'A41','C03','TG1',NULL,'2021-06-30 09:11:01'),(457,'A41','C04','SP2',NULL,'2021-06-30 09:11:01'),(458,'A41','C05','KD2',NULL,'2021-06-30 09:11:01'),(459,'A41','C06','KR1',NULL,'2021-06-30 09:11:01'),(461,'A42','C01','PK1',NULL,'2021-06-30 09:11:21'),(462,'A42','C02','PH4',NULL,'2021-06-30 09:11:21'),(463,'A42','C03','TG2',NULL,'2021-06-30 09:11:21'),(464,'A42','C04','SP2',NULL,'2021-06-30 09:11:21'),(465,'A42','C05','KD2',NULL,'2021-06-30 09:11:21'),(466,'A42','C06','KR1',NULL,'2021-06-30 09:11:21'),(468,'A43','C01','PK1',NULL,'2021-06-30 09:11:41'),(469,'A43','C02','PH4',NULL,'2021-06-30 09:11:41'),(470,'A43','C03','TG2',NULL,'2021-06-30 09:11:41'),(471,'A43','C04','SP2',NULL,'2021-06-30 09:11:41'),(472,'A43','C05','KD2',NULL,'2021-06-30 09:11:41'),(473,'A43','C06','KR1',NULL,'2021-06-30 09:11:41'),(475,'A44','C01','PK1',NULL,'2021-06-30 09:12:17'),(476,'A44','C02','PH3',NULL,'2021-06-30 09:12:17'),(477,'A44','C03','TG2',NULL,'2021-06-30 09:12:17'),(478,'A44','C04','SP2',NULL,'2021-06-30 09:12:17'),(479,'A44','C05','KD2',NULL,'2021-06-30 09:12:17'),(480,'A44','C06','KR1',NULL,'2021-06-30 09:12:17'),(482,'A45','C01','PK1',NULL,'2021-06-30 09:12:47'),(483,'A45','C02','PH3',NULL,'2021-06-30 09:12:47'),(484,'A45','C03','TG2',NULL,'2021-06-30 09:12:47'),(485,'A45','C04','SP2',NULL,'2021-06-30 09:12:47'),(486,'A45','C05','KD2',NULL,'2021-06-30 09:12:47'),(487,'A45','C06','KR1',NULL,'2021-06-30 09:12:47'),(489,'A46','C01','PK1',NULL,'2021-06-30 09:13:07'),(490,'A46','C02','PH3',NULL,'2021-06-30 09:13:07'),(491,'A46','C03','TG2',NULL,'2021-06-30 09:13:07'),(492,'A46','C04','SP2',NULL,'2021-06-30 09:13:07'),(493,'A46','C05','KD2',NULL,'2021-06-30 09:13:07'),(494,'A46','C06','KR1',NULL,'2021-06-30 09:13:07'),(496,'A47','C01','PK1',NULL,'2021-06-30 09:13:31'),(497,'A47','C02','PH4',NULL,'2021-06-30 09:13:31'),(498,'A47','C03','TG2',NULL,'2021-06-30 09:13:31'),(499,'A47','C04','SP2',NULL,'2021-06-30 09:13:31'),(500,'A47','C05','KD2',NULL,'2021-06-30 09:13:31'),(501,'A47','C06','KR1',NULL,'2021-06-30 09:13:31'),(503,'A48','C01','PK2',NULL,'2021-06-30 09:14:02'),(504,'A48','C02','PH3',NULL,'2021-06-30 09:14:02'),(505,'A48','C03','TG2',NULL,'2021-06-30 09:14:02'),(506,'A48','C04','SP2',NULL,'2021-06-30 09:14:02'),(507,'A48','C05','KD2',NULL,'2021-06-30 09:14:02'),(508,'A48','C06','KR1',NULL,'2021-06-30 09:14:02'),(510,'A49','C01','PK3',NULL,'2021-06-30 09:16:51'),(511,'A49','C02','PH3',NULL,'2021-06-30 09:16:51'),(512,'A49','C03','TG1',NULL,'2021-06-30 09:16:51'),(513,'A49','C04','SP2',NULL,'2021-06-30 09:16:51'),(514,'A49','C05','KD2',NULL,'2021-06-30 09:16:51'),(515,'A49','C06','KR3',NULL,'2021-06-30 09:16:51'),(517,'A50','C01','PK3',NULL,'2021-06-30 09:17:31'),(518,'A50','C02','PH2',NULL,'2021-06-30 09:17:31'),(519,'A50','C03','TG1',NULL,'2021-06-30 09:17:31'),(520,'A50','C04','SP2',NULL,'2021-06-30 09:17:31'),(521,'A50','C05','KD2',NULL,'2021-06-30 09:17:31'),(522,'A50','C06','KR3',NULL,'2021-06-30 09:17:31'),(524,'A51','C01','PK1',NULL,'2021-06-30 09:18:12'),(525,'A51','C02','PH3',NULL,'2021-06-30 09:18:12'),(526,'A51','C03','TG1',NULL,'2021-06-30 09:18:12'),(527,'A51','C04','SP2',NULL,'2021-06-30 09:18:12'),(528,'A51','C05','KD2',NULL,'2021-06-30 09:18:12'),(529,'A51','C06','KR3',NULL,'2021-06-30 09:18:12'),(531,'A52','C01','PK2',NULL,'2021-06-30 09:28:51'),(532,'A52','C02','PH3',NULL,'2021-06-30 09:28:51'),(533,'A52','C03','TG2',NULL,'2021-06-30 09:28:51'),(534,'A52','C04','SP2',NULL,'2021-06-30 09:28:51'),(535,'A52','C05','KD2',NULL,'2021-06-30 09:28:51'),(536,'A52','C06','KR3',NULL,'2021-06-30 09:28:51'),(538,'A53','C01','PK1',NULL,'2021-06-30 09:29:22'),(539,'A53','C02','PH3',NULL,'2021-06-30 09:29:23'),(540,'A53','C03','TG2',NULL,'2021-06-30 09:29:23'),(541,'A53','C04','SP2',NULL,'2021-06-30 09:29:23'),(542,'A53','C05','KD2',NULL,'2021-06-30 09:29:23'),(543,'A53','C06','KR3',NULL,'2021-06-30 09:29:23'),(545,'A54','C01','PK3',NULL,'2021-06-30 09:30:22'),(546,'A54','C02','PH3',NULL,'2021-06-30 09:30:22'),(547,'A54','C03','TG4',NULL,'2021-06-30 09:30:22'),(548,'A54','C04','SP2',NULL,'2021-06-30 09:30:22'),(549,'A54','C05','KD2',NULL,'2021-06-30 09:30:22'),(550,'A54','C06','KR1',NULL,'2021-06-30 09:30:22'),(552,'A55','C01','PK1',NULL,'2021-06-30 09:31:30'),(553,'A55','C02','PH4',NULL,'2021-06-30 09:31:30'),(554,'A55','C03','TG3',NULL,'2021-06-30 09:31:30'),(555,'A55','C04','SP2',NULL,'2021-06-30 09:31:30'),(556,'A55','C05','KD2',NULL,'2021-06-30 09:31:30'),(557,'A55','C06','KR1',NULL,'2021-06-30 09:31:30'),(559,'A56','C01','PK1',NULL,'2021-06-30 09:32:29'),(560,'A56','C02','PH4',NULL,'2021-06-30 09:32:29'),(561,'A56','C03','TG2',NULL,'2021-06-30 09:32:30'),(562,'A56','C04','SP2',NULL,'2021-06-30 09:32:30'),(563,'A56','C05','KD1',NULL,'2021-06-30 09:32:30'),(564,'A56','C06','KR1',NULL,'2021-06-30 09:32:30'),(566,'A57','C01','PK2',NULL,'2021-06-30 09:36:22'),(567,'A57','C02','PH2',NULL,'2021-06-30 09:36:22'),(568,'A57','C03','TG2',NULL,'2021-06-30 09:36:22'),(569,'A57','C04','SP2',NULL,'2021-06-30 09:36:22'),(570,'A57','C05','KD2',NULL,'2021-06-30 09:36:22'),(571,'A57','C06','KR1',NULL,'2021-06-30 09:36:22'),(573,'A58','C01','PK2',NULL,'2021-06-30 09:36:57'),(574,'A58','C02','PH2',NULL,'2021-06-30 09:36:57'),(575,'A58','C03','TG2',NULL,'2021-06-30 09:36:57'),(576,'A58','C04','SP2',NULL,'2021-06-30 09:36:57'),(577,'A58','C05','KD2',NULL,'2021-06-30 09:36:57'),(578,'A58','C06','KR2',NULL,'2021-06-30 09:36:57'),(580,'A59','C01','PK2',NULL,'2021-06-30 09:39:02'),(581,'A59','C02','PH3',NULL,'2021-06-30 09:39:02'),(582,'A59','C03','TG2',NULL,'2021-06-30 09:39:03'),(583,'A59','C04','SP2',NULL,'2021-06-30 09:39:03'),(584,'A59','C05','KD2',NULL,'2021-06-30 09:39:03'),(585,'A59','C06','KR1',NULL,'2021-06-30 09:39:03'),(587,'A60','C01','PK1',NULL,'2021-06-30 09:39:32'),(588,'A60','C02','PH4',NULL,'2021-06-30 09:39:32'),(589,'A60','C03','TG2',NULL,'2021-06-30 09:39:32'),(590,'A60','C04','SP2',NULL,'2021-06-30 09:39:32'),(591,'A60','C05','KD2',NULL,'2021-06-30 09:39:32'),(592,'A60','C06','KR2',NULL,'2021-06-30 09:39:32'),(594,'A61','C01','PK1',NULL,'2021-06-30 09:43:44'),(595,'A61','C02','PH3',NULL,'2021-06-30 09:43:44'),(596,'A61','C03','TG3',NULL,'2021-06-30 09:43:44'),(597,'A61','C04','SP2',NULL,'2021-06-30 09:43:45'),(598,'A61','C05','KD1',NULL,'2021-06-30 09:43:45'),(599,'A61','C06','KR2',NULL,'2021-06-30 09:43:45'),(601,'A62','C01','PK1',NULL,'2021-06-30 09:45:07'),(602,'A62','C02','PH4',NULL,'2021-06-30 09:45:07'),(603,'A62','C03','TG1',NULL,'2021-06-30 09:45:07'),(604,'A62','C04','SP2',NULL,'2021-06-30 09:45:24'),(605,'A62','C05','KD1',NULL,'2021-06-30 09:45:08'),(606,'A62','C06','KR2',NULL,'2021-06-30 09:45:08'),(608,'A63','C01','PK2',NULL,'2021-06-30 09:46:44'),(609,'A63','C02','PH3',NULL,'2021-06-30 09:46:44'),(610,'A63','C03','TG4',NULL,'2021-06-30 09:46:45'),(611,'A63','C04','SP2',NULL,'2021-06-30 09:46:45'),(612,'A63','C05','KD1',NULL,'2021-06-30 09:46:45'),(613,'A63','C06','KR2',NULL,'2021-06-30 09:46:45'),(615,'A64','C01','PK3',NULL,'2021-06-30 09:48:09'),(616,'A64','C02','PH3',NULL,'2021-06-30 09:48:09'),(617,'A64','C03','TG4',NULL,'2021-06-30 09:48:09'),(618,'A64','C04','SP2',NULL,'2021-06-30 09:48:10'),(619,'A64','C05','KD1',NULL,'2021-06-30 09:48:10'),(620,'A64','C06','KR1',NULL,'2021-06-30 09:48:10'),(622,'A65','C01','PK1',NULL,'2021-06-30 09:48:48'),(623,'A65','C02','PH4',NULL,'2021-06-30 09:48:48'),(624,'A65','C03','TG3',NULL,'2021-06-30 09:48:48'),(625,'A65','C04','SP2',NULL,'2021-06-30 09:48:48'),(626,'A65','C05','KD1',NULL,'2021-06-30 09:48:48'),(627,'A65','C06','KR3',NULL,'2021-06-30 09:48:48'),(629,'A66','C01','PK1',NULL,'2021-06-30 09:49:29'),(630,'A66','C02','PH4',NULL,'2021-06-30 09:49:29'),(631,'A66','C03','TG2',NULL,'2021-06-30 09:49:29'),(632,'A66','C04','SP2',NULL,'2021-06-30 09:49:29'),(633,'A66','C05','KD2',NULL,'2021-06-30 09:49:29'),(634,'A66','C06','KR3',NULL,'2021-06-30 09:49:29'),(636,'A67','C01','PK1',NULL,'2021-06-30 09:49:56'),(637,'A67','C02','PH4',NULL,'2021-06-30 09:49:56'),(638,'A67','C03','TG2',NULL,'2021-06-30 09:49:56'),(639,'A67','C04','SP2',NULL,'2021-06-30 09:49:56'),(640,'A67','C05','KD2',NULL,'2021-06-30 09:49:56'),(641,'A67','C06','KR3',NULL,'2021-06-30 09:49:56'),(643,'A68','C01','PK1',NULL,'2021-06-30 09:50:34'),(644,'A68','C02','PH4',NULL,'2021-06-30 09:50:34'),(645,'A68','C03','TG4',NULL,'2021-06-30 09:50:34'),(646,'A68','C04','SP2',NULL,'2021-06-30 09:50:34'),(647,'A68','C05','KD3',NULL,'2021-06-30 09:50:34'),(648,'A68','C06','KR3',NULL,'2021-06-30 09:50:34'),(650,'A69','C01','PK1',NULL,'2021-06-30 09:51:31'),(651,'A69','C02','PH3',NULL,'2021-06-30 09:51:31'),(652,'A69','C03','TG2',NULL,'2021-06-30 09:51:31'),(653,'A69','C04','SP2',NULL,'2021-06-30 09:51:31'),(654,'A69','C05','KD3',NULL,'2021-06-30 09:51:31'),(655,'A69','C06','KR1',NULL,'2021-06-30 09:51:31'),(657,'A70','C01','PK2',NULL,'2021-06-30 09:52:00'),(658,'A70','C02','PH3',NULL,'2021-06-30 09:52:00'),(659,'A70','C03','TG2',NULL,'2021-06-30 09:52:00'),(660,'A70','C04','SP2',NULL,'2021-06-30 09:52:00'),(661,'A70','C05','KD2',NULL,'2021-06-30 09:52:00'),(662,'A70','C06','KR1',NULL,'2021-06-30 09:52:00'),(664,'A71','C01','PK2',NULL,'2021-06-30 09:58:11'),(665,'A71','C02','PH2',NULL,'2021-06-30 09:58:11'),(666,'A71','C03','TG3',NULL,'2021-06-30 09:58:11'),(667,'A71','C04','SP3',NULL,'2021-06-30 09:58:11'),(668,'A71','C05','KD2',NULL,'2021-06-30 09:58:11'),(669,'A71','C06','KR3',NULL,'2021-06-30 09:58:11'),(671,'A72','C01','PK1',NULL,'2021-06-30 09:59:00'),(672,'A72','C02','PH3',NULL,'2021-06-30 09:59:00'),(673,'A72','C03','TG3',NULL,'2021-06-30 09:59:00'),(674,'A72','C04','SP2',NULL,'2021-06-30 09:59:00'),(675,'A72','C05','KD2',NULL,'2021-06-30 09:59:00'),(676,'A72','C06','KR2',NULL,'2021-06-30 09:59:00'),(678,'A73','C01','PK1',NULL,'2021-06-30 10:00:33'),(679,'A73','C02','PH3',NULL,'2021-06-30 10:00:33'),(680,'A73','C03','TG1',NULL,'2021-06-30 10:00:33'),(681,'A73','C04','SP2',NULL,'2021-06-30 10:00:33'),(682,'A73','C05','KD2',NULL,'2021-06-30 10:00:33'),(683,'A73','C06','KR1',NULL,'2021-06-30 10:00:33'),(685,'A74','C01','PK1',NULL,'2021-06-30 10:01:04'),(686,'A74','C02','PH3',NULL,'2021-06-30 10:01:04'),(687,'A74','C03','TG2',NULL,'2021-06-30 10:01:04'),(688,'A74','C04','SP2',NULL,'2021-06-30 10:01:04'),(689,'A74','C05','KD2',NULL,'2021-06-30 10:01:04'),(690,'A74','C06','KR1',NULL,'2021-06-30 10:01:04'),(692,'A75','C01','PK1',NULL,'2021-06-30 10:02:05'),(693,'A75','C02','PH3',NULL,'2021-06-30 10:02:05'),(694,'A75','C03','TG2',NULL,'2021-06-30 10:02:05'),(695,'A75','C04','SP2',NULL,'2021-06-30 10:02:05'),(696,'A75','C05','KD2',NULL,'2021-06-30 10:02:05'),(697,'A75','C06','KR1',NULL,'2021-06-30 10:02:05'),(699,'A76','C01','PK4',NULL,'2021-06-30 10:04:09'),(700,'A76','C02','PH1',NULL,'2021-06-30 10:04:09'),(701,'A76','C03','TG2',NULL,'2021-06-30 10:04:09'),(702,'A76','C04','SP1',NULL,'2021-06-30 10:04:09'),(703,'A76','C05','KD1',NULL,'2021-06-30 10:04:09'),(704,'A76','C06','KR3',NULL,'2021-06-30 10:04:09'),(706,'A77','C01','PK4',NULL,'2021-06-30 10:08:29'),(707,'A77','C02','PH1',NULL,'2021-06-30 10:08:29'),(708,'A77','C03','TG4',NULL,'2021-06-30 10:08:29'),(709,'A77','C04','SP1',NULL,'2021-06-30 10:08:29'),(710,'A77','C05','KD1',NULL,'2021-06-30 10:08:29'),(711,'A77','C06','KR3',NULL,'2021-06-30 10:08:29'),(713,'A78','C01','PK1',NULL,'2021-06-30 10:12:11'),(714,'A78','C02','PH3',NULL,'2021-06-30 10:12:11'),(715,'A78','C03','TG4',NULL,'2021-06-30 10:12:11'),(716,'A78','C04','SP2',NULL,'2021-06-30 10:12:11'),(717,'A78','C05','KD2',NULL,'2021-06-30 10:12:11'),(718,'A78','C06','KR3',NULL,'2021-06-30 10:12:11'),(720,'A79','C01','PK4',NULL,'2021-06-30 10:13:33'),(721,'A79','C02','PH1',NULL,'2021-06-30 10:13:33'),(722,'A79','C03','TG4',NULL,'2021-06-30 10:13:33'),(723,'A79','C04','SP1',NULL,'2021-06-30 10:13:33'),(724,'A79','C05','KD2',NULL,'2021-06-30 10:13:33'),(725,'A79','C06','KR3',NULL,'2021-06-30 10:13:33'),(727,'A80','C01','PK2',NULL,'2021-06-30 10:14:02'),(728,'A80','C02','PH4',NULL,'2021-06-30 10:14:02'),(729,'A80','C03','TG4',NULL,'2021-06-30 10:14:02'),(730,'A80','C04','SP3',NULL,'2021-06-30 10:14:02'),(731,'A80','C05','KD3',NULL,'2021-06-30 10:14:02'),(732,'A80','C06','KR3',NULL,'2021-06-30 10:14:02'),(734,'A81','C01','PK1',NULL,'2021-06-30 10:19:48'),(735,'A81','C02','PH4',NULL,'2021-06-30 10:19:48'),(736,'A81','C03','TG1',NULL,'2021-06-30 10:19:48'),(737,'A81','C04','SP1',NULL,'2021-06-30 10:19:48'),(738,'A81','C05','KD1',NULL,'2021-06-30 10:19:48'),(739,'A81','C06','KR1',NULL,'2021-06-30 10:19:48'),(741,'A82','C01','PK1',NULL,'2021-06-30 10:21:58'),(742,'A82','C02','PH3',NULL,'2021-06-30 10:21:58'),(743,'A82','C03','TG4',NULL,'2021-06-30 10:21:58'),(744,'A82','C04','SP3',NULL,'2021-06-30 10:21:58'),(745,'A82','C05','KD2',NULL,'2021-06-30 10:21:58'),(746,'A82','C06','KR3',NULL,'2021-06-30 10:21:58'),(748,'A83','C01','PK1',NULL,'2021-06-30 12:18:55'),(749,'A83','C02','PH4',NULL,'2021-06-30 12:18:55'),(750,'A83','C03','TG3',NULL,'2021-06-30 12:18:55'),(751,'A83','C04','SP3',NULL,'2021-06-30 12:18:55'),(752,'A83','C05','KD2',NULL,'2021-06-30 12:18:55'),(753,'A83','C06','KR1',NULL,'2021-06-30 12:18:55'),(755,'A84','C01','PK1',NULL,'2021-06-30 12:19:32'),(756,'A84','C02','PH4',NULL,'2021-06-30 12:19:32'),(757,'A84','C03','TG2',NULL,'2021-06-30 12:19:32'),(758,'A84','C04','SP2',NULL,'2021-06-30 12:19:32'),(759,'A84','C05','KD2',NULL,'2021-06-30 12:19:32'),(760,'A84','C06','KR1',NULL,'2021-06-30 12:19:32'),(762,'A85','C01','PK1',NULL,'2021-06-30 12:26:17'),(763,'A85','C02','PH4',NULL,'2021-06-30 12:26:18'),(764,'A85','C03','TG3',NULL,'2021-06-30 12:26:18'),(765,'A85','C04','SP2',NULL,'2021-06-30 12:26:18'),(766,'A85','C05','KD2',NULL,'2021-06-30 12:26:18'),(767,'A85','C06','KR1',NULL,'2021-06-30 12:26:18'),(769,'A86','C01','PK1',NULL,'2021-06-30 12:27:31'),(770,'A86','C02','PH4',NULL,'2021-06-30 12:27:31'),(771,'A86','C03','TG4',NULL,'2021-06-30 12:27:31'),(772,'A86','C04','SP2',NULL,'2021-06-30 12:27:31'),(773,'A86','C05','KD2',NULL,'2021-06-30 12:27:31'),(774,'A86','C06','KR1',NULL,'2021-06-30 12:27:31'),(776,'A87','C01','PK2',NULL,'2021-06-30 12:27:57'),(777,'A87','C02','PH4',NULL,'2021-06-30 12:27:57'),(778,'A87','C03','TG4',NULL,'2021-06-30 12:27:57'),(779,'A87','C04','SP3',NULL,'2021-06-30 12:27:57'),(780,'A87','C05','KD2',NULL,'2021-06-30 12:27:57'),(781,'A87','C06','KR3',NULL,'2021-06-30 12:27:57'),(783,'A88','C01','PK1',NULL,'2021-06-30 12:28:22'),(784,'A88','C02','PH4',NULL,'2021-06-30 12:28:22'),(785,'A88','C03','TG4',NULL,'2021-06-30 12:28:22'),(786,'A88','C04','SP2',NULL,'2021-06-30 12:28:22'),(787,'A88','C05','KD2',NULL,'2021-06-30 12:28:22'),(788,'A88','C06','KR1',NULL,'2021-06-30 12:28:22'),(790,'A89','C01','PK1',NULL,'2021-06-30 12:28:45'),(791,'A89','C02','PH4',NULL,'2021-06-30 12:28:45'),(792,'A89','C03','TG3',NULL,'2021-06-30 12:28:45'),(793,'A89','C04','SP2',NULL,'2021-06-30 12:28:45'),(794,'A89','C05','KD2',NULL,'2021-06-30 12:28:45'),(795,'A89','C06','KR1',NULL,'2021-06-30 12:28:45');

/*Table structure for table `tb_rel_crips` */

DROP TABLE IF EXISTS `tb_rel_crips`;

CREATE TABLE `tb_rel_crips` (
  `ID` bigint(20) unsigned NOT NULL AUTO_INCREMENT,
  `ID1` varchar(16) COLLATE utf8mb4_unicode_ci NOT NULL,
  `ID2` varchar(16) COLLATE utf8mb4_unicode_ci NOT NULL,
  `nilai` double NOT NULL,
  `created_at` timestamp NULL DEFAULT NULL,
  `updated_at` timestamp NULL DEFAULT NULL,
  PRIMARY KEY (`ID`)
) ENGINE=InnoDB AUTO_INCREMENT=844 DEFAULT CHARSET=utf8mb4 COLLATE=utf8mb4_unicode_ci;

/*Data for the table `tb_rel_crips` */

insert  into `tb_rel_crips`(`ID`,`ID1`,`ID2`,`nilai`,`created_at`,`updated_at`) values (1,'PK1','PK1',1,NULL,NULL),(6,'PK3','PK1',0.2,NULL,NULL),(7,'PK3','PK3',1,NULL,NULL),(9,'PK1','PK3',5,NULL,NULL),(12,'PK2','PK1',0.33333333333333,NULL,NULL),(13,'PK2','PK2',1,NULL,NULL),(14,'PK2','PK3',3,NULL,NULL),(15,'PK1','PK2',3,NULL,NULL),(16,'PK3','PK2',0.33333333333333,NULL,NULL),(18,'PK4','PK1',0.14285714285714,NULL,NULL),(19,'PK4','PK2',0.2,NULL,NULL),(20,'PK4','PK3',0.33333333333333,NULL,NULL),(21,'PK4','PK4',1,NULL,NULL),(25,'PK1','PK4',7,NULL,NULL),(26,'PK2','PK4',5,NULL,NULL),(27,'PK3','PK4',3,NULL,NULL),(28,'PH1','PH1',1,NULL,NULL),(29,'PH1','PK1',1,NULL,NULL),(30,'PH1','PK2',1,NULL,NULL),(31,'PH1','PK3',1,NULL,NULL),(32,'PH1','PK4',1,NULL,NULL),(35,'PK1','PH1',1,NULL,NULL),(36,'PK2','PH1',1,NULL,NULL),(37,'PK3','PH1',1,NULL,NULL),(38,'PK4','PH1',1,NULL,NULL),(42,'PH2','PH1',0.33333333333333,NULL,NULL),(43,'PH2','PH2',1,NULL,NULL),(44,'PH2','PK1',1,NULL,NULL),(45,'PH2','PK2',1,NULL,NULL),(46,'PH2','PK3',1,NULL,NULL),(47,'PH2','PK4',1,NULL,NULL),(49,'PH1','PH2',3,NULL,NULL),(50,'PK1','PH2',1,NULL,NULL),(51,'PK2','PH2',1,NULL,NULL),(52,'PK3','PH2',1,NULL,NULL),(53,'PK4','PH2',1,NULL,NULL),(56,'PH3','PH1',0.2,NULL,NULL),(57,'PH3','PH2',0.33333333333333,NULL,NULL),(58,'PH3','PH3',1,NULL,NULL),(59,'PH3','PK1',1,NULL,NULL),(60,'PH3','PK2',1,NULL,NULL),(61,'PH3','PK3',1,NULL,NULL),(62,'PH3','PK4',1,NULL,NULL),(63,'PH1','PH3',5,NULL,NULL),(64,'PH2','PH3',3,NULL,NULL),(65,'PK1','PH3',1,NULL,NULL),(66,'PK2','PH3',1,NULL,NULL),(67,'PK3','PH3',1,NULL,NULL),(68,'PK4','PH3',1,NULL,NULL),(70,'PH4','PH1',0.14285714285714,NULL,NULL),(71,'PH4','PH2',0.2,NULL,NULL),(72,'PH4','PH3',0.33333333333333,NULL,NULL),(73,'PH4','PH4',1,NULL,NULL),(74,'PH4','PK1',1,NULL,NULL),(75,'PH4','PK2',1,NULL,NULL),(76,'PH4','PK3',1,NULL,NULL),(77,'PH4','PK4',1,NULL,NULL),(85,'PH1','PH4',7,NULL,NULL),(86,'PH2','PH4',5,NULL,NULL),(87,'PH3','PH4',3,NULL,NULL),(88,'PK1','PH4',1,NULL,NULL),(89,'PK2','PH4',1,NULL,NULL),(90,'PK3','PH4',1,NULL,NULL),(91,'PK4','PH4',1,NULL,NULL),(92,'TG1','PH1',1,NULL,NULL),(93,'TG1','PH2',1,NULL,NULL),(94,'TG1','PH3',1,NULL,NULL),(95,'TG1','PH4',1,NULL,NULL),(96,'TG1','PK1',1,NULL,NULL),(97,'TG1','PK2',1,NULL,NULL),(98,'TG1','PK3',1,NULL,NULL),(99,'TG1','PK4',1,NULL,NULL),(100,'TG1','TG1',1,NULL,NULL),(107,'PH1','TG1',1,NULL,NULL),(108,'PH2','TG1',1,NULL,NULL),(109,'PH3','TG1',1,NULL,NULL),(110,'PH4','TG1',1,NULL,NULL),(111,'PK1','TG1',1,NULL,NULL),(112,'PK2','TG1',1,NULL,NULL),(113,'PK3','TG1',1,NULL,NULL),(114,'PK4','TG1',1,NULL,NULL),(122,'TG2','PH1',1,NULL,NULL),(123,'TG2','PH2',1,NULL,NULL),(124,'TG2','PH3',1,NULL,NULL),(125,'TG2','PH4',1,NULL,NULL),(126,'TG2','PK1',1,NULL,NULL),(127,'TG2','PK2',1,NULL,NULL),(128,'TG2','PK3',1,NULL,NULL),(129,'TG2','PK4',1,NULL,NULL),(130,'TG2','TG1',0.33333333333333,NULL,NULL),(131,'TG2','TG2',1,NULL,NULL),(137,'PH1','TG2',1,NULL,NULL),(138,'PH2','TG2',1,NULL,NULL),(139,'PH3','TG2',1,NULL,NULL),(140,'PH4','TG2',1,NULL,NULL),(141,'PK1','TG2',1,NULL,NULL),(142,'PK2','TG2',1,NULL,NULL),(143,'PK3','TG2',1,NULL,NULL),(144,'PK4','TG2',1,NULL,NULL),(145,'TG1','TG2',3,NULL,NULL),(152,'TG3','PH1',1,NULL,NULL),(153,'TG3','PH2',1,NULL,NULL),(154,'TG3','PH3',1,NULL,NULL),(155,'TG3','PH4',1,NULL,NULL),(156,'TG3','PK1',1,NULL,NULL),(157,'TG3','PK2',1,NULL,NULL),(158,'TG3','PK3',1,NULL,NULL),(159,'TG3','PK4',1,NULL,NULL),(160,'TG3','TG1',0.2,NULL,NULL),(161,'TG3','TG2',0.33333333333333,NULL,NULL),(162,'TG3','TG3',1,NULL,NULL),(167,'PH1','TG3',1,NULL,NULL),(168,'PH2','TG3',1,NULL,NULL),(169,'PH3','TG3',1,NULL,NULL),(170,'PH4','TG3',1,NULL,NULL),(171,'PK1','TG3',1,NULL,NULL),(172,'PK2','TG3',1,NULL,NULL),(173,'PK3','TG3',1,NULL,NULL),(174,'PK4','TG3',1,NULL,NULL),(175,'TG1','TG3',5,NULL,NULL),(176,'TG2','TG3',3,NULL,NULL),(182,'TG4','PH1',1,NULL,NULL),(183,'TG4','PH2',1,NULL,NULL),(184,'TG4','PH3',1,NULL,NULL),(185,'TG4','PH4',1,NULL,NULL),(186,'TG4','PK1',1,NULL,NULL),(187,'TG4','PK2',1,NULL,NULL),(188,'TG4','PK3',1,NULL,NULL),(189,'TG4','PK4',1,NULL,NULL),(190,'TG4','TG1',0.14285714285714,NULL,NULL),(191,'TG4','TG2',0.2,NULL,NULL),(192,'TG4','TG3',0.33333333333333,NULL,NULL),(193,'TG4','TG4',1,NULL,NULL),(197,'PH1','TG4',1,NULL,NULL),(198,'PH2','TG4',1,NULL,NULL),(199,'PH3','TG4',1,NULL,NULL),(200,'PH4','TG4',1,NULL,NULL),(201,'PK1','TG4',1,NULL,NULL),(202,'PK2','TG4',1,NULL,NULL),(203,'PK3','TG4',1,NULL,NULL),(204,'PK4','TG4',1,NULL,NULL),(205,'TG1','TG4',7,NULL,NULL),(206,'TG2','TG4',5,NULL,NULL),(207,'TG3','TG4',3,NULL,NULL),(212,'SP1','PH1',1,NULL,NULL),(213,'SP1','PH2',1,NULL,NULL),(214,'SP1','PH3',1,NULL,NULL),(215,'SP1','PH4',1,NULL,NULL),(216,'SP1','PK1',1,NULL,NULL),(217,'SP1','PK2',1,NULL,NULL),(218,'SP1','PK3',1,NULL,NULL),(219,'SP1','PK4',1,NULL,NULL),(220,'SP1','SP1',1,NULL,NULL),(221,'SP1','TG1',1,NULL,NULL),(222,'SP1','TG2',1,NULL,NULL),(223,'SP1','TG3',1,NULL,NULL),(224,'SP1','TG4',1,NULL,NULL),(227,'PH1','SP1',1,NULL,NULL),(228,'PH2','SP1',1,NULL,NULL),(229,'PH3','SP1',1,NULL,NULL),(230,'PH4','SP1',1,NULL,NULL),(231,'PK1','SP1',1,NULL,NULL),(232,'PK2','SP1',1,NULL,NULL),(233,'PK3','SP1',1,NULL,NULL),(234,'PK4','SP1',1,NULL,NULL),(235,'TG1','SP1',1,NULL,NULL),(236,'TG2','SP1',1,NULL,NULL),(237,'TG3','SP1',1,NULL,NULL),(238,'TG4','SP1',1,NULL,NULL),(242,'SP2','PH1',1,NULL,NULL),(243,'SP2','PH2',1,NULL,NULL),(244,'SP2','PH3',1,NULL,NULL),(245,'SP2','PH4',1,NULL,NULL),(246,'SP2','PK1',1,NULL,NULL),(247,'SP2','PK2',1,NULL,NULL),(248,'SP2','PK3',1,NULL,NULL),(249,'SP2','PK4',1,NULL,NULL),(250,'SP2','SP1',0.33333333333333,NULL,NULL),(251,'SP2','SP2',1,NULL,NULL),(252,'SP2','TG1',1,NULL,NULL),(253,'SP2','TG2',1,NULL,NULL),(254,'SP2','TG3',1,NULL,NULL),(255,'SP2','TG4',1,NULL,NULL),(257,'PH1','SP2',1,NULL,NULL),(258,'PH2','SP2',1,NULL,NULL),(259,'PH3','SP2',1,NULL,NULL),(260,'PH4','SP2',1,NULL,NULL),(261,'PK1','SP2',1,NULL,NULL),(262,'PK2','SP2',1,NULL,NULL),(263,'PK3','SP2',1,NULL,NULL),(264,'PK4','SP2',1,NULL,NULL),(265,'SP1','SP2',3,NULL,NULL),(266,'TG1','SP2',1,NULL,NULL),(267,'TG2','SP2',1,NULL,NULL),(268,'TG3','SP2',1,NULL,NULL),(269,'TG4','SP2',1,NULL,NULL),(272,'SP3','PH1',1,NULL,NULL),(273,'SP3','PH2',1,NULL,NULL),(274,'SP3','PH3',1,NULL,NULL),(275,'SP3','PH4',1,NULL,NULL),(276,'SP3','PK1',1,NULL,NULL),(277,'SP3','PK2',1,NULL,NULL),(278,'SP3','PK3',1,NULL,NULL),(279,'SP3','PK4',1,NULL,NULL),(280,'SP3','SP1',0.2,NULL,NULL),(281,'SP3','SP2',0.33333333333333,NULL,NULL),(282,'SP3','SP3',1,NULL,NULL),(283,'SP3','TG1',1,NULL,NULL),(284,'SP3','TG2',1,NULL,NULL),(285,'SP3','TG3',1,NULL,NULL),(286,'SP3','TG4',1,NULL,NULL),(287,'PH1','SP3',1,NULL,NULL),(288,'PH2','SP3',1,NULL,NULL),(289,'PH3','SP3',1,NULL,NULL),(290,'PH4','SP3',1,NULL,NULL),(291,'PK1','SP3',1,NULL,NULL),(292,'PK2','SP3',1,NULL,NULL),(293,'PK3','SP3',1,NULL,NULL),(294,'PK4','SP3',1,NULL,NULL),(295,'SP1','SP3',5,NULL,NULL),(296,'SP2','SP3',3,NULL,NULL),(297,'TG1','SP3',1,NULL,NULL),(298,'TG2','SP3',1,NULL,NULL),(299,'TG3','SP3',1,NULL,NULL),(300,'TG4','SP3',1,NULL,NULL),(302,'KD1','KD1',1,NULL,NULL),(303,'KD1','PH1',1,NULL,NULL),(304,'KD1','PH2',1,NULL,NULL),(305,'KD1','PH3',1,NULL,NULL),(306,'KD1','PH4',1,NULL,NULL),(307,'KD1','PK1',1,NULL,NULL),(308,'KD1','PK2',1,NULL,NULL),(309,'KD1','PK3',1,NULL,NULL),(310,'KD1','PK4',1,NULL,NULL),(311,'KD1','SP1',1,NULL,NULL),(312,'KD1','SP2',1,NULL,NULL),(313,'KD1','SP3',1,NULL,NULL),(314,'KD1','TG1',1,NULL,NULL),(315,'KD1','TG2',1,NULL,NULL),(316,'KD1','TG3',1,NULL,NULL),(317,'KD1','TG4',1,NULL,NULL),(333,'PH1','KD1',1,NULL,NULL),(334,'PH2','KD1',1,NULL,NULL),(335,'PH3','KD1',1,NULL,NULL),(336,'PH4','KD1',1,NULL,NULL),(337,'PK1','KD1',1,NULL,NULL),(338,'PK2','KD1',1,NULL,NULL),(339,'PK3','KD1',1,NULL,NULL),(340,'PK4','KD1',1,NULL,NULL),(341,'SP1','KD1',1,NULL,NULL),(342,'SP2','KD1',1,NULL,NULL),(343,'SP3','KD1',1,NULL,NULL),(344,'TG1','KD1',1,NULL,NULL),(345,'TG2','KD1',1,NULL,NULL),(346,'TG3','KD1',1,NULL,NULL),(347,'TG4','KD1',1,NULL,NULL),(348,'KD2','KD1',0.33333333333333,NULL,NULL),(349,'KD2','KD2',1,NULL,NULL),(350,'KD2','PH1',1,NULL,NULL),(351,'KD2','PH2',1,NULL,NULL),(352,'KD2','PH3',1,NULL,NULL),(353,'KD2','PH4',1,NULL,NULL),(354,'KD2','PK1',1,NULL,NULL),(355,'KD2','PK2',1,NULL,NULL),(356,'KD2','PK3',1,NULL,NULL),(357,'KD2','PK4',1,NULL,NULL),(358,'KD2','SP1',1,NULL,NULL),(359,'KD2','SP2',1,NULL,NULL),(360,'KD2','SP3',1,NULL,NULL),(361,'KD2','TG1',1,NULL,NULL),(362,'KD2','TG2',1,NULL,NULL),(363,'KD2','TG3',1,NULL,NULL),(364,'KD2','TG4',1,NULL,NULL),(379,'KD1','KD2',3,NULL,NULL),(380,'PH1','KD2',1,NULL,NULL),(381,'PH2','KD2',1,NULL,NULL),(382,'PH3','KD2',1,NULL,NULL),(383,'PH4','KD2',1,NULL,NULL),(384,'PK1','KD2',1,NULL,NULL),(385,'PK2','KD2',1,NULL,NULL),(386,'PK3','KD2',1,NULL,NULL),(387,'PK4','KD2',1,NULL,NULL),(388,'SP1','KD2',1,NULL,NULL),(389,'SP2','KD2',1,NULL,NULL),(390,'SP3','KD2',1,NULL,NULL),(391,'TG1','KD2',1,NULL,NULL),(392,'TG2','KD2',1,NULL,NULL),(393,'TG3','KD2',1,NULL,NULL),(394,'TG4','KD2',1,NULL,NULL),(410,'KD3','KD1',0.2,NULL,NULL),(411,'KD3','KD2',0.33333333333333,NULL,NULL),(412,'KD3','KD3',1,NULL,NULL),(413,'KD3','PH1',1,NULL,NULL),(414,'KD3','PH2',1,NULL,NULL),(415,'KD3','PH3',1,NULL,NULL),(416,'KD3','PH4',1,NULL,NULL),(417,'KD3','PK1',1,NULL,NULL),(418,'KD3','PK2',1,NULL,NULL),(419,'KD3','PK3',1,NULL,NULL),(420,'KD3','PK4',1,NULL,NULL),(421,'KD3','SP1',1,NULL,NULL),(422,'KD3','SP2',1,NULL,NULL),(423,'KD3','SP3',1,NULL,NULL),(424,'KD3','TG1',1,NULL,NULL),(425,'KD3','TG2',1,NULL,NULL),(426,'KD3','TG3',1,NULL,NULL),(427,'KD3','TG4',1,NULL,NULL),(441,'KD1','KD3',5,NULL,NULL),(442,'KD2','KD3',3,NULL,NULL),(443,'PH1','KD3',1,NULL,NULL),(444,'PH2','KD3',1,NULL,NULL),(445,'PH3','KD3',1,NULL,NULL),(446,'PH4','KD3',1,NULL,NULL),(447,'PK1','KD3',1,NULL,NULL),(448,'PK2','KD3',1,NULL,NULL),(449,'PK3','KD3',1,NULL,NULL),(450,'PK4','KD3',1,NULL,NULL),(451,'SP1','KD3',1,NULL,NULL),(452,'SP2','KD3',1,NULL,NULL),(453,'SP3','KD3',1,NULL,NULL),(454,'TG1','KD3',1,NULL,NULL),(455,'TG2','KD3',1,NULL,NULL),(456,'TG3','KD3',1,NULL,NULL),(457,'TG4','KD3',1,NULL,NULL),(534,'KR1','KD1',1,NULL,NULL),(535,'KR1','KD2',1,NULL,NULL),(536,'KR1','KD3',1,NULL,NULL),(537,'KR1','KR1',1,NULL,NULL),(538,'KR1','PH1',1,NULL,NULL),(539,'KR1','PH2',1,NULL,NULL),(540,'KR1','PH3',1,NULL,NULL),(541,'KR1','PH4',1,NULL,NULL),(542,'KR1','PK1',1,NULL,NULL),(543,'KR1','PK2',1,NULL,NULL),(544,'KR1','PK3',1,NULL,NULL),(545,'KR1','PK4',1,NULL,NULL),(546,'KR1','SP1',1,NULL,NULL),(547,'KR1','SP2',1,NULL,NULL),(548,'KR1','SP3',1,NULL,NULL),(549,'KR1','TG1',1,NULL,NULL),(550,'KR1','TG2',1,NULL,NULL),(551,'KR1','TG3',1,NULL,NULL),(552,'KR1','TG4',1,NULL,NULL),(565,'KD1','KR1',1,NULL,NULL),(566,'KD2','KR1',1,NULL,NULL),(567,'KD3','KR1',1,NULL,NULL),(568,'PH1','KR1',1,NULL,NULL),(569,'PH2','KR1',1,NULL,NULL),(570,'PH3','KR1',1,NULL,NULL),(571,'PH4','KR1',1,NULL,NULL),(572,'PK1','KR1',1,NULL,NULL),(573,'PK2','KR1',1,NULL,NULL),(574,'PK3','KR1',1,NULL,NULL),(575,'PK4','KR1',1,NULL,NULL),(576,'SP1','KR1',1,NULL,NULL),(577,'SP2','KR1',1,NULL,NULL),(578,'SP3','KR1',1,NULL,NULL),(579,'TG1','KR1',1,NULL,NULL),(580,'TG2','KR1',1,NULL,NULL),(581,'TG3','KR1',1,NULL,NULL),(582,'TG4','KR1',1,NULL,NULL),(596,'KR2','KD1',1,NULL,NULL),(597,'KR2','KD2',1,NULL,NULL),(598,'KR2','KD3',1,NULL,NULL),(599,'KR2','KR1',0.33333333333333,NULL,NULL),(600,'KR2','KR2',1,NULL,NULL),(601,'KR2','PH1',1,NULL,NULL),(602,'KR2','PH2',1,NULL,NULL),(603,'KR2','PH3',1,NULL,NULL),(604,'KR2','PH4',1,NULL,NULL),(605,'KR2','PK1',1,NULL,NULL),(606,'KR2','PK2',1,NULL,NULL),(607,'KR2','PK3',1,NULL,NULL),(608,'KR2','PK4',1,NULL,NULL),(609,'KR2','SP1',1,NULL,NULL),(610,'KR2','SP2',1,NULL,NULL),(611,'KR2','SP3',1,NULL,NULL),(612,'KR2','TG1',1,NULL,NULL),(613,'KR2','TG2',1,NULL,NULL),(614,'KR2','TG3',1,NULL,NULL),(615,'KR2','TG4',1,NULL,NULL),(627,'KD1','KR2',1,NULL,NULL),(628,'KD2','KR2',1,NULL,NULL),(629,'KD3','KR2',1,NULL,NULL),(630,'KR1','KR2',3,NULL,NULL),(631,'PH1','KR2',1,NULL,NULL),(632,'PH2','KR2',1,NULL,NULL),(633,'PH3','KR2',1,NULL,NULL),(634,'PH4','KR2',1,NULL,NULL),(635,'PK1','KR2',1,NULL,NULL),(636,'PK2','KR2',1,NULL,NULL),(637,'PK3','KR2',1,NULL,NULL),(638,'PK4','KR2',1,NULL,NULL),(639,'SP1','KR2',1,NULL,NULL),(640,'SP2','KR2',1,NULL,NULL),(641,'SP3','KR2',1,NULL,NULL),(642,'TG1','KR2',1,NULL,NULL),(643,'TG2','KR2',1,NULL,NULL),(644,'TG3','KR2',1,NULL,NULL),(645,'TG4','KR2',1,NULL,NULL),(658,'KR3','KD1',1,NULL,NULL),(659,'KR3','KD2',1,NULL,NULL),(660,'KR3','KD3',1,NULL,NULL),(661,'KR3','KR1',0.2,NULL,NULL),(662,'KR3','KR2',0.33333333333333,NULL,NULL),(663,'KR3','KR3',1,NULL,NULL),(664,'KR3','PH1',1,NULL,NULL),(665,'KR3','PH2',1,NULL,NULL),(666,'KR3','PH3',1,NULL,NULL),(667,'KR3','PH4',1,NULL,NULL),(668,'KR3','PK1',1,NULL,NULL),(669,'KR3','PK2',1,NULL,NULL),(670,'KR3','PK3',1,NULL,NULL),(671,'KR3','PK4',1,NULL,NULL),(672,'KR3','SP1',1,NULL,NULL),(673,'KR3','SP2',1,NULL,NULL),(674,'KR3','SP3',1,NULL,NULL),(675,'KR3','TG1',1,NULL,NULL),(676,'KR3','TG2',1,NULL,NULL),(677,'KR3','TG3',1,NULL,NULL),(678,'KR3','TG4',1,NULL,NULL),(689,'KD1','KR3',1,NULL,NULL),(690,'KD2','KR3',1,NULL,NULL),(691,'KD3','KR3',1,NULL,NULL),(692,'KR1','KR3',5,NULL,NULL),(693,'KR2','KR3',3,NULL,NULL),(694,'PH1','KR3',1,NULL,NULL),(695,'PH2','KR3',1,NULL,NULL),(696,'PH3','KR3',1,NULL,NULL),(697,'PH4','KR3',1,NULL,NULL),(698,'PK1','KR3',1,NULL,NULL),(699,'PK2','KR3',1,NULL,NULL),(700,'PK3','KR3',1,NULL,NULL),(701,'PK4','KR3',1,NULL,NULL),(702,'SP1','KR3',1,NULL,NULL),(703,'SP2','KR3',1,NULL,NULL),(704,'SP3','KR3',1,NULL,NULL),(705,'TG1','KR3',1,NULL,NULL),(706,'TG2','KR3',1,NULL,NULL),(707,'TG3','KR3',1,NULL,NULL),(708,'TG4','KR3',1,NULL,NULL);

/*Table structure for table `tb_rel_kriteria` */

DROP TABLE IF EXISTS `tb_rel_kriteria`;

CREATE TABLE `tb_rel_kriteria` (
  `ID` bigint(20) unsigned NOT NULL AUTO_INCREMENT,
  `ID1` varchar(16) COLLATE utf8mb4_unicode_ci NOT NULL,
  `ID2` varchar(16) COLLATE utf8mb4_unicode_ci NOT NULL,
  `nilai` double NOT NULL,
  `created_at` timestamp NULL DEFAULT NULL,
  `updated_at` timestamp NULL DEFAULT NULL,
  PRIMARY KEY (`ID`)
) ENGINE=InnoDB AUTO_INCREMENT=169 DEFAULT CHARSET=utf8mb4 COLLATE=utf8mb4_unicode_ci;

/*Data for the table `tb_rel_kriteria` */

insert  into `tb_rel_kriteria`(`ID`,`ID1`,`ID2`,`nilai`,`created_at`,`updated_at`) values (1,'C01','C01',1,'2021-03-05 12:41:39','2021-03-05 12:41:39'),(2,'C02','C01',0.5,'2021-03-05 12:41:39','2021-03-05 12:41:39'),(3,'C03','C01',0.33333333333333,'2021-03-05 12:41:39','2021-03-05 12:41:39'),(4,'C04','C01',0.25,'2021-03-05 12:41:39','2021-03-05 12:41:39'),(5,'C01','C02',2,'2021-03-05 12:41:39','2021-03-05 12:41:39'),(6,'C02','C02',1,'2021-03-05 12:41:39','2021-03-05 12:41:39'),(7,'C03','C02',0.5,'2021-03-05 12:41:39','2021-03-05 12:41:39'),(8,'C04','C02',0.33333333333333,'2021-03-05 12:41:39','2021-03-05 12:41:39'),(9,'C01','C03',3,'2021-03-05 12:41:39','2021-03-05 12:41:39'),(10,'C02','C03',2,'2021-03-05 12:41:39','2021-03-05 12:41:39'),(11,'C03','C03',1,'2021-03-05 12:41:39','2021-03-05 12:41:39'),(12,'C04','C03',0.5,'2021-03-05 12:41:39','2021-03-05 12:41:39'),(13,'C01','C04',4,'2021-03-05 12:41:39','2021-03-05 12:41:39'),(14,'C02','C04',3,'2021-03-05 12:41:39','2021-03-05 12:41:39'),(15,'C03','C04',2,'2021-03-05 12:41:39','2021-03-05 12:41:39'),(16,'C04','C04',1,'2021-03-05 12:41:39','2021-03-05 12:41:39'),(71,'C05','C01',0.2,NULL,NULL),(72,'C05','C02',0.25,NULL,NULL),(73,'C05','C03',0.33333333333333,NULL,NULL),(74,'C05','C04',0.5,NULL,NULL),(75,'C05','C05',1,NULL,NULL),(78,'C01','C05',5,NULL,NULL),(79,'C02','C05',4,NULL,NULL),(80,'C03','C05',3,NULL,NULL),(81,'C04','C05',2,NULL,NULL),(85,'C06','C01',0.16666666666667,NULL,NULL),(86,'C06','C02',0.2,NULL,NULL),(87,'C06','C03',0.25,NULL,NULL),(88,'C06','C04',0.33333333333333,NULL,NULL),(89,'C06','C05',0.5,NULL,NULL),(90,'C06','C06',1,NULL,NULL),(92,'C01','C06',6,NULL,NULL),(93,'C02','C06',5,NULL,NULL),(94,'C03','C06',4,NULL,NULL),(95,'C04','C06',3,NULL,NULL),(96,'C05','C06',2,NULL,NULL);

/*Table structure for table `tb_user` */

DROP TABLE IF EXISTS `tb_user`;

CREATE TABLE `tb_user` (
  `id_user` bigint(20) unsigned NOT NULL AUTO_INCREMENT,
  `nama_user` varchar(255) COLLATE utf8mb4_unicode_ci DEFAULT NULL,
  `username` varchar(255) COLLATE utf8mb4_unicode_ci NOT NULL,
  `password` varchar(255) COLLATE utf8mb4_unicode_ci DEFAULT NULL,
  `level` varchar(255) COLLATE utf8mb4_unicode_ci DEFAULT NULL,
  `status_user` int(11) DEFAULT NULL,
  `created_at` timestamp NULL DEFAULT NULL,
  `updated_at` timestamp NULL DEFAULT NULL,
  PRIMARY KEY (`id_user`),
  UNIQUE KEY `tb_user_username_unique` (`username`)
) ENGINE=InnoDB AUTO_INCREMENT=27 DEFAULT CHARSET=utf8mb4 COLLATE=utf8mb4_unicode_ci;

/*Data for the table `tb_user` */

insert  into `tb_user`(`id_user`,`nama_user`,`username`,`password`,`level`,`status_user`,`created_at`,`updated_at`) values (1,'Administrator','admin','$2y$10$Xgxge/tsSEV4X8Uz5rCqh.WR7sOiMuZEuBC5fysB0DxIKyp0sdcWO','admin',1,'2021-02-19 16:04:18','2021-06-28 20:26:36'),(2,'Lisa','user','$2y$10$EUBW7t5.d/.XIQGnJE3XO.4i2Qw9gbpBIPpbeh780q/zrjVwoLbLe','user',1,'2021-02-19 16:04:18','2021-06-24 09:34:51'),(7,'indah kurniawati','indah','$2y$10$PfT6..ziqwGppPY179NLz.sMYm442cMgO92AN/Z18.gYrZDLsKAl6','admin',1,'2021-06-19 16:20:43','2021-06-19 16:20:43'),(8,'Ari','ari','$2y$10$Cxtv5J1d3RAFfGUCevO.RuVN4VD6scM5853aVTJUxnKBrzTQAVsaG','user',1,'2021-06-19 16:21:38','2021-06-28 09:22:22'),(12,'HERI CIPTA WIJAYA','heri','$2y$10$jEr2l3Z30JDjzv0zlelG1ORrwpFaMp.22XyWw63ScjSulwQ85waHK','user',1,'2021-06-30 07:31:00','2021-06-30 07:31:00'),(13,'BUKHARI MUSLIM','bukhari','$2y$10$LE.Q3uROFCojL3IwIOZbEORvl/3GXl/Hkuh/YYGXsSdFQAMohdRLC','user',1,'2021-06-30 07:31:26','2021-06-30 07:31:39'),(14,'IKHSAN KAMAL','ikhsan','$2y$10$Zl3ccFD.V/qeWw3KXI0./Ocaxf4Z6sVU4Ex4Lr0vNWkASHTmaCPGe','user',1,'2021-06-30 07:32:13','2021-06-30 07:32:13'),(15,'YULIYATI','yulianti','$2y$10$CvTPXmP1Bxz5/XXuU0L4mu1eH5NZL3qchDsC3tDGmslgJxBFvVt2e','user',1,'2021-06-30 07:32:37','2021-06-30 07:32:37'),(16,'UNING WAHYUNI','uning','$2y$10$l/AeNcgaXoWL/jayYXuKX.vGOQVqj8dnjRnYIHbdTeLcmgXnbI1oq','user',1,'2021-06-30 07:33:01','2021-06-30 07:33:01'),(17,'AGUS UJANG SUTARIP','agus','$2y$10$GCxcpB19.Na3d16hJJE5zeU/BoMsHc.s/I7n3MrwvZ484ilTz7jf6','user',1,'2021-06-30 07:36:47','2021-06-30 07:36:47'),(18,'SULAEMAN','sulaeman','$2y$10$6nXjRrM1xe9bcCwJKk3nz.0B7QOepx0.RlC/suG2SXeaErpMwA8i2','user',1,'2021-06-30 07:37:17','2021-06-30 07:37:17'),(19,'FARIDA','farida','$2y$10$tWy.4Exnh5Jb72.6E.igFORXMwPkBsPdHdictrpeH95XZBSsuPg1q','user',1,'2021-06-30 07:37:49','2021-06-30 07:37:49'),(20,'YUSUP APANDI','yusup','$2y$10$5JGnh5djCds80.aSn1WF3uH1KR67AMw03yrWNhTgTOJHM7X4T5VVe','user',1,'2021-06-30 07:38:17','2021-06-30 07:38:17'),(21,'RUDI','rudi','$2y$10$1z.cwHyJST7M4GdWwi7CjeAZ4yNNpFt40I/vBO2B4d79u1YQcDZh2','user',1,'2021-06-30 07:39:02','2021-06-30 07:39:02'),(22,'MARKUS','markus','$2y$10$FmTnFnftrY3OE2R5dZU77OJU6ZpK7wgX0gCRw65fXlvabYlcnQyAi','user',1,'2021-06-30 07:39:26','2021-06-30 07:39:26'),(23,'ATTUR ROKHIM','attur','$2y$10$npBx3R.qzEPzo1XB7XNG4..TXVClN4fxXjB4xFk8L3l.XId9XPk32','user',1,'2021-06-30 07:39:58','2021-06-30 07:39:58'),(24,'Endah Dwi Windu','endah','$2y$10$vBxB38I6/MWq.jRPuAuZWeou4uvqqejyV//Mi3snUY9hHzl0Zqu6C','user',1,'2021-06-30 14:40:40','2021-06-30 14:40:40'),(25,'Fadhel Dwi','fadhel','$2y$10$KTPakkexv0UumsF2.iD6R./oyxRmVhAsTeN1DZUFvFTwVGhzB5ePG','user',1,'2021-06-30 14:41:17','2021-06-30 14:41:17'),(26,'Staff Kelurahan','staff','$2y$10$cSNBzap5f82fLrGoFcoaouk1eK8FX6d1ccX.WUeM9CLl.e0stLQwO','staff',1,'2021-07-05 04:37:55','2021-07-05 04:37:55');

/*!40101 SET SQL_MODE=@OLD_SQL_MODE */;
/*!40014 SET FOREIGN_KEY_CHECKS=@OLD_FOREIGN_KEY_CHECKS */;
/*!40014 SET UNIQUE_CHECKS=@OLD_UNIQUE_CHECKS */;
/*!40111 SET SQL_NOTES=@OLD_SQL_NOTES */;
